sector,density
Energy,16.689999999999998
Utilities,10.524999999999999
Consumer,9.475
Materials,6.565
Industrials,3.92
Technology,3.075
Financials,2.63
Healthcare,2.1500000000000004
